species,dia_cm,height_m,class,X,Y
Shorea robusta,45.5,25.3,A,645328,3068542
Schima wallichii,32.0,18.5,A,645378,3068592
Pinus roxburghii,28.3,22.0,B,645428,3068642
Terminalia alata,52.1,28.7,A,645478,3068692
Dalbergia sissoo,35.8,20.4,A,645528,3068742
Acacia catechu,25.2,15.6,B,645578,3068792
Shorea robusta,38.4,23.1,A,645628,3068842
Schima wallichii,41.7,24.8,A,645678,3068892
Terminalia tomentosa,29.5,19.2,B,645728,3068942
Lagerstroemia parviflora,33.6,21.5,A,645778,3068992
